{
  "cas": {
    "casperf8": 279.25665117035106,
    "casperf16": 279.25665117035106,
    "casperf32": 279.25665117035106,
    "casperf64": 279.25665117035106,
    "casperf128": 209.81764997557403,
    "casperf64multiline": 0.26886564102564103,
    "casperf8uncontended": 376.7515171052632,
    "casperf8contended": 61.242938756594896
  },
  "cache": ""
}